zone,hbwprh
1,327.615172008
2,1017.21443214
3,387.178290266
4,680.873412084
5,698.321579009
6,200.469837888
7,830.507964727
8,80.7182170099
9,0.000568431236016
10,1211.36004874
11,428.28893608
12,353.800912541
13,674.704241742
14,1804.44673234
15,1095.03935934
16,636.416577979
17,3502.08163438
18,1804.51307335
19,1225.54767353
30,2311.56144747
31,1199.36119982
32,224.141448785
33,1370.05612271
34,1361.60390468
37,1783.62178797
