zone,hbwprl
1,49.22356547
2,412.8922221
3,89.3317237
4,201.1308952
5,623.6654568
6,43.17950394
7,645.2179342
8,29.99010478
9,0.000225381
10,991.3393838
11,156.0989093
12,53.94568968
13,476.5826304
14,416.7861963
15,206.3164226
16,118.5919593
17,725.799458
18,273.7795459
19,183.6875821
30,352.3447384
31,226.4977093
32,46.39811272
33,208.0946484
34,275.7819026
37,426.8214771
