zone,hbwprm
1,57.26534166
2,329.1537821
3,93.8454861
4,125.5815721
5,455.9151454
6,56.78357062
7,227.5452213
8,10.8075153
9,0.000344235
10,1330.35056
11,272.6706067
12,127.1063016
13,730.2313475
14,846.5046921
15,588.0261388
16,332.0115944
17,1154.553761
18,490.1669037
19,383.2297903
30,608.0530854
31,335.2475474
32,62.21667877
33,453.4015964
34,390.8665283
37,546.9809659
