zone,totemp
1,6124.197221
2,23976.27771
3,2112.671988
4,9306.728277
5,15179.57862
6,5730.89607
7,3062.125124
8,16102.9192
9,1921.962028
10,1140.454992
11,7040.129
12,3372.177979
13,5985.851175
14,17004.21306
15,1697.855011
16,3709.025063
17,4304.85312
18,2095.817022
19,6844.011007
30,2331.05403
31,563.9729966
32,1037.838017
33,1739.623966
34,2741.101068
37,3035.218992