zone,totemp
1,1714.775222
2,6713.357759
3,591.5481566
4,2605.883918
5,4250.282014
6,1604.6509
7,857.3950347
8,4508.817376
9,538.1493678
10,319.3273978
11,1971.23612
12,944.2098341
13,1676.038329
14,4761.179657
15,475.3994031
16,1038.527018
17,1205.358874
18,586.8287662
19,1916.323082
30,652.6951284
31,157.912439
32,290.5946448
33,487.0947105
34,767.508299
37,849.8613178
